2024-01-24 14:27:49,London,22\u00baC
2024-01-24 14:27:51,London,23\u00baC
2024-01-24 14:27:52,New York,23\u00baC
2024-01-24 14:27:53,London,21\u00baC
2024-01-24 14:27:54,Pittsburgh,24\u00baC
2024-01-24 14:27:55,Pittsburgh,30\u00baC
2024-01-24 14:27:56,London,27\u00baC
2024-01-24 14:27:57,London,32\u00baC
2024-01-24 14:27:58,London,31\u00baC
2024-01-24 14:27:59,London,25\u00baC
2024-01-24 14:38:17,New York,21\u00baC
2024-01-24 14:38:18,Bangalore,20\u00baC
2024-01-24 14:38:19,London,22\u00baC
2024-01-24 14:38:20,Bangalore,30\u00baC
2024-01-24 14:38:21,Bangalore,26\u00baC
2024-01-24 14:38:22,Pittsburgh,20\u00baC
2024-01-24 14:38:23,New York,19\u00baC
2024-01-24 14:38:24,London,26\u00baC
2024-01-24 14:38:25,London,25\u00baC
2024-01-24 14:38:26,Bangalore,26\u00baC
2024-01-24 16:26:20,Seattle,31\u00baC
2024-01-24 16:26:21,Beijing,18\u00baC
2024-01-24 16:26:22,Montreal,26\u00baC
2024-01-24 16:26:23,Montreal,20\u00baC
2024-01-24 16:26:24,Tokyo,24\u00baC
2024-01-24 16:26:25,Montreal,24\u00baC
2024-01-24 16:26:26,Beijing,21\u00baC
2024-01-24 16:26:27,Seattle,32\u00baC
2024-01-24 16:26:28,Montreal,24\u00baC
2024-01-24 16:26:29,Pittsburgh,27\u00baC
2024-01-24 18:02:31,vadodara,27\u00baC
2024-01-24 18:02:32,kota,24\u00baC
2024-01-24 18:02:33,kota,28\u00baC
2024-01-24 18:02:34,dubai,24\u00baC
2024-01-24 18:02:35,vadodara,20\u00baC
2024-01-24 18:02:36,kota,28\u00baC
2024-01-24 18:02:37,vadodara,23\u00baC
2024-01-24 18:02:38,kota,23\u00baC
2024-01-24 18:02:39,bharuch,23\u00baC
2024-01-24 18:02:40,vadodara,28\u00baC
2024-01-24 19:49:17,Los Angeles,27\u00baC
2024-01-24 19:49:18,Los Angeles,29\u00baC
2024-01-24 19:49:19,Los Angeles,23\u00baC
2024-01-24 19:49:20,Los Angeles,32\u00baC
2024-01-24 19:49:21,New York,24\u00baC
2024-01-24 19:49:22,New York,22\u00baC
2024-01-24 19:49:23,Mumbai,18\u00baC
2024-01-24 19:49:24,New York,19\u00baC
2024-01-24 19:49:25,New York,20\u00baC
2024-01-24 19:49:26,Los Angeles,30\u00baC
2024-01-24 21:58:35,Nice,21\u00baC
2024-01-24 21:58:36,Cincinnati,22\u00baC
2024-01-24 21:58:37,Geneva,24\u00baC
2024-01-24 21:58:38,Nice,28\u00baC
2024-01-24 21:58:39,Winden,30\u00baC
2024-01-24 21:58:40,Chambery,20\u00baC
2024-01-24 21:58:41,Winden,31\u00baC
2024-01-24 21:58:42,Cincinnati,19\u00baC
2024-01-24 21:58:43,Chambery,21\u00baC
2024-01-24 21:58:44,Geneva,32\u00baC
2024-01-24 22:33:48,Pittsburgh,28\u00baC
2024-01-24 22:33:49,Pittsburgh,28\u00baC
2024-01-24 22:33:50,Pittsburgh,20\u00baC
2024-01-24 22:33:51,Pittsburgh,26\u00baC
2024-01-24 22:33:52,Pittsburgh,21\u00baC
2024-01-24 22:33:53,Pittsburgh,25\u00baC
2024-01-24 22:33:54,Pittsburgh,18\u00baC
2024-01-24 22:33:55,Pittsburgh,31\u00baC
2024-01-24 22:33:56,Pittsburgh,26\u00baC
2024-01-24 22:33:57,Pittsburgh,29\u00baC
2024-01-24 22:34:28,Santiago,19\u00baC
2024-01-24 22:34:29,Santiago,19\u00baC
2024-01-24 22:34:30,Pittsburgh,28\u00baC
2024-01-24 22:34:31,New York,22\u00baC
2024-01-24 22:34:32,Pittsburgh,20\u00baC
2024-01-24 22:34:33,New York,24\u00baC
2024-01-24 22:34:34,New York,19\u00baC
2024-01-24 22:34:35,New York,21\u00baC
2024-01-24 22:34:36,Pittsburgh,20\u00baC
2024-01-24 22:34:37,New York,24\u00baC
2024-01-24 22:35:13,Santiago,30\u00baC
2024-01-24 22:35:14,New York,19\u00baC
2024-01-24 22:35:15,Pittsburgh,24\u00baC
2024-01-24 22:35:16,Pittsburgh,20\u00baC
2024-01-24 22:35:17,Santiago,26\u00baC
2024-01-24 22:35:18,New York,26\u00baC
2024-01-24 22:35:19,Santiago,24\u00baC
2024-01-24 22:35:20,New York,23\u00baC
2024-01-24 22:35:21,Santiago,24\u00baC
2024-01-24 22:35:22,Santiago,24\u00baC
2024-01-24 22:41:44,Santiago,31\u00baC
2024-01-24 22:41:45,Pittsburgh,32\u00baC
2024-01-24 22:41:46,Pittsburgh,25\u00baC
2024-01-24 22:41:47,New York,23\u00baC
2024-01-24 22:41:48,Santiago,27\u00baC
2024-01-24 22:41:49,New York,30\u00baC
2024-01-24 22:41:50,New York,23\u00baC
2024-01-24 22:41:51,Pittsburgh,23\u00baC
2024-01-24 22:41:52,Santiago,32\u00baC
2024-01-24 22:41:53,Santiago,31\u00baC
2024-01-24 22:51:11,Chicago,23\u00baC
2024-01-24 22:51:12,Los Angeles,28\u00baC
2024-01-24 22:51:13,New York,29\u00baC
2024-01-24 22:51:14,New York,31\u00baC
2024-01-24 22:51:15,Los Angeles,23\u00baC
2024-01-24 22:51:16,Chicago,19\u00baC
2024-01-24 22:51:17,New York,27\u00baC
2024-01-24 22:51:18,Los Angeles,19\u00baC
2024-01-24 22:51:19,New York,27\u00baC
2024-01-24 22:51:20,Chicago,24\u00baC
2024-01-25 07:55:43,New York,21\u00baC
2024-01-25 07:55:44,Santiago,31\u00baC
2024-01-25 07:55:45,Pittsburgh,26\u00baC
2024-01-25 07:55:46,New York,29\u00baC
2024-01-25 07:55:47,Santiago,31\u00baC
2024-01-25 07:55:48,New York,30\u00baC
2024-01-25 07:55:49,Santiago,26\u00baC
2024-01-25 07:55:50,Santiago,18\u00baC
2024-01-25 07:55:51,New York,32\u00baC
2024-01-25 07:55:52,New York,19\u00baC
2024-01-25 11:12:33,Paris,30\u00baC
2024-01-25 11:12:34,Tokyo,26\u00baC
2024-01-25 11:12:35,Paris,28\u00baC
2024-01-25 11:12:36,Tokyo,31\u00baC
2024-01-25 11:12:37,Paris,27\u00baC
2024-01-25 11:12:38,Berlin,26\u00baC
2024-01-25 11:12:39,London,30\u00baC
2024-01-25 11:12:40,London,29\u00baC
2024-01-25 11:12:41,New York,31\u00baC
2024-01-25 11:12:42,Tokyo,27\u00baC
2024-01-25 11:31:42,Cupertino,28\u00baC
2024-01-25 11:31:43,Mountain View,27\u00baC
2024-01-25 11:31:44,Mountain View,20\u00baC
2024-01-25 11:31:45,San Jose,30\u00baC
2024-01-25 11:31:46,Cupertino,24\u00baC
2024-01-25 11:31:47,Cupertino,27\u00baC
2024-01-25 11:31:48,Cupertino,28\u00baC
2024-01-25 11:31:49,Milpitas,31\u00baC
2024-01-25 11:31:50,Mountain View,24\u00baC
2024-01-25 11:31:51,Cupertino,25\u00baC
2024-01-25 12:23:34,Seattle,30\u00baC
2024-01-25 12:23:35,Madison,23\u00baC
2024-01-25 12:23:36,Seattle,27\u00baC
2024-01-25 12:23:37,San Diego,29\u00baC
2024-01-25 12:23:38,Van Alstyne,24\u00baC
2024-01-25 12:23:39,Copenhagen,27\u00baC
2024-01-25 12:23:40,Seattle,26\u00baC
2024-01-25 12:23:41,Madison,23\u00baC
2024-01-25 12:23:42,Copenhagen,31\u00baC
2024-01-25 12:23:43,Copenhagen,26\u00baC
2024-01-25 12:30:13,Beijing,32\u00baC
2024-01-25 12:30:14,Seattle,27\u00baC
2024-01-25 12:30:15,Tokyo,25\u00baC
2024-01-25 12:30:16,Beijing,21\u00baC
2024-01-25 12:30:17,Montreal,30\u00baC
2024-01-25 12:30:18,Pittsburgh,29\u00baC
2024-01-25 12:30:19,Seattle,27\u00baC
2024-01-25 12:30:20,Seattle,20\u00baC
2024-01-25 12:30:21,Montreal,19\u00baC
2024-01-25 12:30:22,Tokyo,18\u00baC
2024-01-25 12:47:25,Tokyo,30\u00baC
2024-01-25 12:47:26,Montreal,18\u00baC
2024-01-25 12:47:27,Beijing,28\u00baC
2024-01-25 12:47:28,Tokyo,28\u00baC
2024-01-25 12:47:29,Tokyo,19\u00baC
2024-01-25 12:47:30,Pittsburgh,32\u00baC
2024-01-25 12:47:31,Tokyo,24\u00baC
2024-01-25 12:47:32,Pittsburgh,28\u00baC
2024-01-25 12:47:33,Montreal,27\u00baC
2024-01-25 12:47:34,Seattle,26\u00baC
2024-01-25 14:14:39,Mumbai,25\u00baC
2024-01-25 14:14:40,Mumbai,27\u00baC
2024-01-25 14:14:41,Mumbai,18\u00baC
2024-01-25 14:14:42,New York,21\u00baC
2024-01-25 14:14:43,Los Angeles,32\u00baC
2024-01-25 14:14:44,Los Angeles,23\u00baC
2024-01-25 14:14:45,Mumbai,22\u00baC
2024-01-25 14:14:46,Mumbai,25\u00baC
2024-01-25 14:14:47,New York,19\u00baC
2024-01-25 14:14:48,New York,20\u00baC
2024-01-25 14:50:32,seattle,21\u00baC
2024-01-25 14:50:33,seattle,22\u00baC
2024-01-25 14:50:34,seattle,19\u00baC
2024-01-25 14:50:35,seattle,24\u00baC
2024-01-25 14:50:36,seattle,30\u00baC
2024-01-25 14:50:37,seattle,20\u00baC
2024-01-25 14:50:38,seattle,29\u00baC
2024-01-25 14:50:39,seattle,24\u00baC
2024-01-25 14:50:40,seattle,22\u00baC
2024-01-25 14:50:41,seattle,26\u00baC
2024-01-25 14:58:21,seattle,21\u00baC
2024-01-25 14:58:22,seattle,31\u00baC
2024-01-25 14:58:23,seattle,21\u00baC
2024-01-25 14:58:24,seattle,20\u00baC
2024-01-25 14:58:25,pittsburgh,25\u00baC
2024-01-25 14:58:26,seattle,30\u00baC
2024-01-25 14:58:27,seattle,26\u00baC
2024-01-25 14:58:28,pittsburgh,24\u00baC
2024-01-25 14:58:29,seattle,20\u00baC
2024-01-25 14:58:30,pittsburgh,19\u00baC
2024-01-25 15:30:00,Seattle,20\u00baC
2024-01-25 15:30:01,Seattle,18\u00baC
2024-01-25 15:30:02,Boston,23\u00baC
2024-01-25 15:30:03,Philadelphia,25\u00baC
2024-01-25 15:30:04,Seattle,32\u00baC
2024-01-25 15:30:05,Tampa,22\u00baC
2024-01-25 15:30:06,Tampa,19\u00baC
2024-01-25 15:30:07,Tampa,22\u00baC
2024-01-25 15:30:08,Tampa,24\u00baC
2024-01-25 15:30:09,Seattle,25\u00baC
2024-01-25 16:36:51,Pittsburgh,31\u00baC
2024-01-25 16:36:52,Pittsburgh,28\u00baC
2024-01-25 16:36:53,Pittsburgh,27\u00baC
2024-01-25 16:36:54,Pittsburgh,20\u00baC
2024-01-25 16:36:55,Pittsburgh,24\u00baC
2024-01-25 16:36:56,Pittsburgh,27\u00baC
2024-01-25 16:36:57,Pittsburgh,20\u00baC
2024-01-25 16:36:58,Pittsburgh,21\u00baC
2024-01-25 16:36:59,Pittsburgh,28\u00baC
2024-01-25 16:37:00,Pittsburgh,18\u00baC
2024-01-25 16:56:44,Chicago,22\u00baC
2024-01-25 16:56:45,Chicago,19\u00baC
2024-01-25 16:56:46,New York,19\u00baC
2024-01-25 16:56:47,New York,24\u00baC
2024-01-25 16:56:48,Chicago,25\u00baC
2024-01-25 16:56:49,New York,28\u00baC
2024-01-25 16:56:50,Chicago,18\u00baC
2024-01-25 16:56:51,Los Angeles,22\u00baC
2024-01-25 16:56:52,New York,31\u00baC
2024-01-25 16:56:53,Chicago,25\u00baC
2024-01-25 17:07:12,Montserrat,28\u00baC
2024-01-25 17:07:13,Jamaica,19\u00baC
2024-01-25 17:07:14,Bermuda,24\u00baC
2024-01-25 17:07:15,Martinique,22\u00baC
2024-01-25 17:07:16,Key Largo,24\u00baC
2024-01-25 17:07:17,Bermuda,28\u00baC
2024-01-25 17:07:18,Jamaica,31\u00baC
2024-01-25 17:07:19,Bermuda,21\u00baC
2024-01-25 17:07:20,Montego,20\u00baC
2024-01-25 17:07:21,Port-au-Prince,32\u00baC
2024-01-25 17:32:17,shanghai,18\u00baC
2024-01-25 17:32:18,shanghai,29\u00baC
2024-01-25 17:32:19,beijing,23\u00baC
2024-01-25 17:32:20,shanghai,27\u00baC
2024-01-25 17:32:21,beijing,24\u00baC
2024-01-25 17:32:22,beijing,32\u00baC
2024-01-25 17:32:23,beijing,30\u00baC
2024-01-25 17:32:24,beijing,29\u00baC
2024-01-25 17:32:25,shanghai,23\u00baC
2024-01-25 17:32:26,shanghai,28\u00baC
2024-01-25 17:46:19,Pittsburgh,23\u00baC
2024-01-25 17:46:20,London,26\u00baC
2024-01-25 17:46:21,Pittsburgh,28\u00baC
2024-01-25 17:46:22,New York,25\u00baC
2024-01-25 17:46:23,London,25\u00baC
2024-01-25 17:46:24,Bangalore,23\u00baC
2024-01-25 17:46:25,Bangalore,24\u00baC
2024-01-25 17:46:26,New York,20\u00baC
2024-01-25 17:46:27,London,19\u00baC
2024-01-25 17:46:28,New York,19\u00baC
2024-01-25 17:51:06,beijing,18\u00baC
2024-01-25 17:51:07,beijing,26\u00baC
2024-01-25 17:51:08,beijing,30\u00baC
2024-01-25 17:51:09,shanghai,22\u00baC
2024-01-25 17:51:10,beijing,21\u00baC
2024-01-25 17:51:11,beijing,19\u00baC
2024-01-25 17:51:12,beijing,30\u00baC
2024-01-25 17:51:13,beijing,32\u00baC
2024-01-25 17:51:14,shanghai,25\u00baC
2024-01-25 17:51:15,shanghai,25\u00baC
2024-01-25 18:25:38,Baltimore,23\u00baC
2024-01-25 18:25:39,Orlando,22\u00baC
2024-01-25 18:25:40,Baltimore,19\u00baC
2024-01-25 18:25:41,Orlando,21\u00baC
2024-01-25 18:25:42,Orlando,29\u00baC
2024-01-25 18:25:43,Baltimore,30\u00baC
2024-01-25 18:25:44,Orlando,25\u00baC
2024-01-25 18:25:45,Pittsburgh,22\u00baC
2024-01-25 18:25:46,Orlando,20\u00baC
2024-01-25 18:25:47,Orlando,32\u00baC
2024-01-25 18:44:00,Pittsburgh,26\u00baC
2024-01-25 18:44:01,Pittsburgh,20\u00baC
2024-01-25 18:44:02,Wisconsin,21\u00baC
2024-01-25 18:44:03,Pittsburgh,24\u00baC
2024-01-25 18:44:04,Pittsburgh,29\u00baC
2024-01-25 18:44:05,Wisconsin,31\u00baC
2024-01-25 18:44:06,Wisconsin,23\u00baC
2024-01-25 18:44:07,Wisconsin,21\u00baC
2024-01-25 18:44:08,Wisconsin,28\u00baC
2024-01-25 18:44:09,Wisconsin,27\u00baC
2024-01-25 19:34:58,Beijing,20\u00baC
2024-01-25 19:34:59,Shanghai,23\u00baC
2024-01-25 19:35:00,Shanghai,23\u00baC
2024-01-25 19:35:01,Pittsburgh,18\u00baC
2024-01-25 19:35:02,Pittsburgh,23\u00baC
2024-01-25 19:35:03,Beijing,21\u00baC
2024-01-25 19:35:04,Shanghai,28\u00baC
2024-01-25 19:35:05,Beijing,31\u00baC
2024-01-25 19:35:06,Shanghai,20\u00baC
2024-01-25 19:35:07,Shanghai,31\u00baC
2024-01-25 20:00:45,Pittsburgh,18\u00baC
2024-01-25 20:00:47,Boston,27\u00baC
2024-01-25 20:00:48,Boston,26\u00baC
2024-01-25 20:00:49,Pittsburgh,26\u00baC
2024-01-25 20:00:50,Boston,19\u00baC
2024-01-25 20:00:51,Pittsburgh,26\u00baC
2024-01-25 20:00:52,Boston,19\u00baC
2024-01-25 20:00:53,Pittsburgh,26\u00baC
2024-01-25 20:00:54,Pittsburgh,19\u00baC
2024-01-25 20:00:55,Boston,29\u00baC
2024-01-25 20:01:35,Boston,23\u00baC
2024-01-25 20:01:36,Boston,28\u00baC
2024-01-25 20:01:37,Boston,32\u00baC
2024-01-25 20:01:38,Boston,18\u00baC
2024-01-25 20:01:39,Pittsburgh,24\u00baC
2024-01-25 20:01:40,Pittsburgh,24\u00baC
2024-01-25 20:01:41,Boston,32\u00baC
2024-01-25 20:01:42,Pittsburgh,27\u00baC
2024-01-25 20:01:43,Boston,23\u00baC
2024-01-25 20:01:44,Pittsburgh,22\u00baC
2024-01-25 20:04:44,Boston,25\u00baC
2024-01-25 20:04:45,Pittsburgh,30\u00baC
2024-01-25 20:04:46,Boston,18\u00baC
2024-01-25 20:04:47,Pittsburgh,23\u00baC
2024-01-25 20:04:48,Pittsburgh,19\u00baC
2024-01-25 20:04:49,Boston,27\u00baC
2024-01-25 20:04:50,Boston,27\u00baC
2024-01-25 20:04:51,Pittsburgh,21\u00baC
2024-01-25 20:04:52,Boston,22\u00baC
2024-01-25 20:04:53,Boston,21\u00baC
2024-01-25 20:26:48,London,18\u00baC
2024-01-25 20:26:49,Dubai,24\u00baC
2024-01-25 20:26:50,London,26\u00baC
2024-01-25 20:26:51,London,28\u00baC
2024-01-25 20:26:52,Dubai,19\u00baC
2024-01-25 20:26:53,Dubai,25\u00baC
2024-01-25 20:26:54,Dubai,20\u00baC
2024-01-25 20:26:55,Dubai,19\u00baC
2024-01-25 20:26:56,London,27\u00baC
2024-01-25 20:26:57,London,32\u00baC
2024-01-25 20:29:51,Pitts,27\u00baC
2024-01-25 20:29:52,Hongkong,31\u00baC
2024-01-25 20:29:53,Pitts,22\u00baC
2024-01-25 20:29:54,Hongkong,26\u00baC
2024-01-25 20:29:55,Shanghai,26\u00baC
2024-01-25 20:29:56,CA,18\u00baC
2024-01-25 20:29:57,CA,24\u00baC
2024-01-25 20:29:58,Shanghai,27\u00baC
2024-01-25 20:29:59,Pitts,27\u00baC
2024-01-25 20:30:00,Hongkong,18\u00baC
2024-01-25 20:31:02,Hongkong,29\u00baC
2024-01-25 20:31:03,Shanghai,25\u00baC
2024-01-25 20:31:04,Hongkong,21\u00baC
2024-01-25 20:31:05,Pitts,21\u00baC
2024-01-25 20:31:06,Shanghai,26\u00baC
2024-01-25 20:31:07,Pitts,21\u00baC
2024-01-25 20:31:08,Pitts,29\u00baC
2024-01-25 20:31:09,Shanghai,26\u00baC
2024-01-25 20:31:10,Hongkong,19\u00baC
2024-01-25 20:31:11,Pitts,20\u00baC
2024-01-25 20:31:30,Topeka,29\u00baC
2024-01-25 20:31:31,Mumbai,24\u00baC
2024-01-25 20:31:32,Dubai,21\u00baC
2024-01-25 20:31:33,Pittsburgh,30\u00baC
2024-01-25 20:31:34,London,29\u00baC
2024-01-25 20:31:35,Dubai,24\u00baC
2024-01-25 20:31:36,Atlanta,24\u00baC
2024-01-25 20:31:37,London,31\u00baC
2024-01-25 20:31:38,Topeka,21\u00baC
2024-01-25 20:31:39,New York,24\u00baC
2024-01-25 20:34:29,New York,28\u00baC
2024-01-25 20:34:30,Los Angeles,24\u00baC
2024-01-25 20:34:31,Pittsburgh,27\u00baC
2024-01-25 20:34:32,New York,19\u00baC
2024-01-25 20:34:33,New York,32\u00baC
2024-01-25 20:34:34,New York,20\u00baC
2024-01-25 20:34:35,New York,29\u00baC
2024-01-25 20:34:36,Los Angeles,30\u00baC
2024-01-25 20:34:37,New York,32\u00baC
2024-01-25 20:34:38,New York,23\u00baC
2024-01-25 20:39:00,San Francisco,30\u00baC
2024-01-25 20:39:01,Mumbai,22\u00baC
2024-01-25 20:39:02,Dubai,23\u00baC
2024-01-25 20:39:03,Shanghai,18\u00baC
2024-01-25 20:39:04,Atlanta,27\u00baC
2024-01-25 20:39:05,Mumbai,21\u00baC
2024-01-25 20:39:06,New York,28\u00baC
2024-01-25 20:39:07,Dubai,19\u00baC
2024-01-25 20:39:08,Atlanta,30\u00baC
2024-01-25 20:39:09,Shanghai,19\u00baC
2024-01-25 20:39:59,Shanghai,24\u00baC
2024-01-25 20:40:00,New York,31\u00baC
2024-01-25 20:40:01,Shanghai,32\u00baC
2024-01-25 20:40:02,Shanghai,18\u00baC
2024-01-25 20:40:03,New York,22\u00baC
2024-01-25 20:40:04,Paris,23\u00baC
2024-01-25 20:40:05,London,28\u00baC
2024-01-25 20:40:06,London,30\u00baC
2024-01-25 20:40:07,New York,18\u00baC
2024-01-25 20:40:08,Mumbai,22\u00baC
2024-01-25 20:40:08,New York,21\u00baC
2024-01-25 20:40:09,Mumbai,21\u00baC
2024-01-25 20:40:10,Los Angeles,31\u00baC
2024-01-25 20:40:11,New York,19\u00baC
2024-01-25 20:40:12,Los Angeles,31\u00baC
2024-01-25 20:40:13,New York,23\u00baC
2024-01-25 20:40:14,Mumbai,21\u00baC
2024-01-25 20:40:15,Mumbai,29\u00baC
2024-01-25 20:40:16,Los Angeles,29\u00baC
2024-01-25 20:40:17,Mumbai,22\u00baC
2024-01-25 20:43:22,Los Angeles,18\u00baC
2024-01-25 20:43:23,Pittsburgh,27\u00baC
2024-01-25 20:43:24,Los Angeles,30\u00baC
2024-01-25 20:43:25,New York,32\u00baC
2024-01-25 20:43:26,Los Angeles,20\u00baC
2024-01-25 20:43:27,Los Angeles,22\u00baC
2024-01-25 20:43:28,New York,32\u00baC
2024-01-25 20:43:29,Los Angeles,30\u00baC
2024-01-25 20:43:30,New York,18\u00baC
2024-01-25 20:43:31,Los Angeles,26\u00baC
2024-01-25 20:44:33,Mumbai,25\u00baC
2024-01-25 20:44:34,New York,31\u00baC
2024-01-25 20:44:34,Los Angeles,19\u00baC
2024-01-25 20:44:35,New York,30\u00baC
2024-01-25 20:44:35,New York,19\u00baC
2024-01-25 20:44:36,Los Angeles,18\u00baC
2024-01-25 20:44:36,Los Angeles,22\u00baC
2024-01-25 20:44:37,New York,27\u00baC
2024-01-25 20:44:37,New York,27\u00baC
2024-01-25 20:44:38,New York,20\u00baC
2024-01-25 20:44:38,Los Angeles,25\u00baC
2024-01-25 20:44:39,Mumbai,31\u00baC
2024-01-25 20:44:39,Los Angeles,18\u00baC
2024-01-25 20:44:40,New York,28\u00baC
2024-01-25 20:44:40,Los Angeles,27\u00baC
2024-01-25 20:44:41,Los Angeles,28\u00baC
2024-01-25 20:44:41,New York,26\u00baC
2024-01-25 20:44:42,New York,29\u00baC
2024-01-25 20:44:42,New York,25\u00baC
2024-01-25 20:44:43,Pittsburgh,18\u00baC
2024-01-25 20:51:45,San Francisco,28\u00baC
2024-01-25 20:51:46,Los Angeles,23\u00baC
2024-01-25 20:51:47,New York City,24\u00baC
2024-01-25 20:51:48,Los Angeles,31\u00baC
2024-01-25 20:51:49,San Francisco,32\u00baC
2024-01-25 20:51:50,Los Angeles,27\u00baC
2024-01-25 20:51:51,Los Angeles,25\u00baC
2024-01-25 20:51:52,San Francisco,29\u00baC
2024-01-25 20:51:53,Los Angeles,28\u00baC
2024-01-25 20:51:54,San Francisco,24\u00baC
2024-01-24 14:27:49,London,22\u00baC
2024-01-24 14:27:51,London,23\u00baC
2024-01-24 14:27:52,New York,23\u00baC
2024-01-24 14:27:53,London,21\u00baC
2024-01-24 14:27:54,Pittsburgh,24\u00baC
2024-01-24 14:27:55,Pittsburgh,30\u00baC
2024-01-24 14:27:56,London,27\u00baC
2024-01-24 14:27:57,London,32\u00baC
2024-01-24 14:27:58,London,31\u00baC
2024-01-24 14:27:59,London,25\u00baC
2024-01-24 14:38:17,New York,21\u00baC
2024-01-24 14:38:18,Bangalore,20\u00baC
2024-01-24 14:38:19,London,22\u00baC
2024-01-24 14:38:20,Bangalore,30\u00baC
2024-01-24 14:38:21,Bangalore,26\u00baC
2024-01-24 14:38:22,Pittsburgh,20\u00baC
2024-01-24 14:38:23,New York,19\u00baC
2024-01-24 14:38:24,London,26\u00baC
2024-01-24 14:38:25,London,25\u00baC
2024-01-24 14:38:26,Bangalore,26\u00baC
2024-01-24 16:26:20,Seattle,31\u00baC
2024-01-24 16:26:21,Beijing,18\u00baC
2024-01-24 16:26:22,Montreal,26\u00baC
2024-01-24 16:26:23,Montreal,20\u00baC
2024-01-24 16:26:24,Tokyo,24\u00baC
2024-01-24 16:26:25,Montreal,24\u00baC
2024-01-24 16:26:26,Beijing,21\u00baC
2024-01-24 16:26:27,Seattle,32\u00baC
2024-01-24 16:26:28,Montreal,24\u00baC
2024-01-24 16:26:29,Pittsburgh,27\u00baC
2024-01-24 18:02:31,vadodara,27\u00baC
2024-01-24 18:02:32,kota,24\u00baC
2024-01-24 18:02:33,kota,28\u00baC
2024-01-24 18:02:34,dubai,24\u00baC
2024-01-24 18:02:35,vadodara,20\u00baC
2024-01-24 18:02:36,kota,28\u00baC
2024-01-24 18:02:37,vadodara,23\u00baC
2024-01-24 18:02:38,kota,23\u00baC
2024-01-24 18:02:39,bharuch,23\u00baC
2024-01-24 18:02:40,vadodara,28\u00baC
2024-01-24 19:49:17,Los Angeles,27\u00baC
2024-01-24 19:49:18,Los Angeles,29\u00baC
2024-01-24 19:49:19,Los Angeles,23\u00baC
2024-01-24 19:49:20,Los Angeles,32\u00baC
2024-01-24 19:49:21,New York,24\u00baC
2024-01-24 19:49:22,New York,22\u00baC
2024-01-24 19:49:23,Mumbai,18\u00baC
2024-01-24 19:49:24,New York,19\u00baC
2024-01-24 19:49:25,New York,20\u00baC
2024-01-24 19:49:26,Los Angeles,30\u00baC
2024-01-24 21:58:35,Nice,21\u00baC
2024-01-24 21:58:36,Cincinnati,22\u00baC
2024-01-24 21:58:37,Geneva,24\u00baC
2024-01-24 21:58:38,Nice,28\u00baC
2024-01-24 21:58:39,Winden,30\u00baC
2024-01-24 21:58:40,Chambery,20\u00baC
2024-01-24 21:58:41,Winden,31\u00baC
2024-01-24 21:58:42,Cincinnati,19\u00baC
2024-01-24 21:58:43,Chambery,21\u00baC
2024-01-24 21:58:44,Geneva,32\u00baC
2024-01-24 22:33:48,Pittsburgh,28\u00baC
2024-01-24 22:33:49,Pittsburgh,28\u00baC
2024-01-24 22:33:50,Pittsburgh,20\u00baC
2024-01-24 22:33:51,Pittsburgh,26\u00baC
2024-01-24 22:33:52,Pittsburgh,21\u00baC
2024-01-24 22:33:53,Pittsburgh,25\u00baC
2024-01-24 22:33:54,Pittsburgh,18\u00baC
2024-01-24 22:33:55,Pittsburgh,31\u00baC
2024-01-24 22:33:56,Pittsburgh,26\u00baC
2024-01-24 22:33:57,Pittsburgh,29\u00baC
2024-01-24 22:34:28,Santiago,19\u00baC
2024-01-24 22:34:29,Santiago,19\u00baC
2024-01-24 22:34:30,Pittsburgh,28\u00baC
2024-01-24 22:34:31,New York,22\u00baC
2024-01-24 22:34:32,Pittsburgh,20\u00baC
2024-01-24 22:34:33,New York,24\u00baC
2024-01-24 22:34:34,New York,19\u00baC
2024-01-24 22:34:35,New York,21\u00baC
2024-01-24 22:34:36,Pittsburgh,20\u00baC
2024-01-24 22:34:37,New York,24\u00baC
2024-01-24 22:35:13,Santiago,30\u00baC
2024-01-24 22:35:14,New York,19\u00baC
2024-01-24 22:35:15,Pittsburgh,24\u00baC
2024-01-24 22:35:16,Pittsburgh,20\u00baC
2024-01-24 22:35:17,Santiago,26\u00baC
2024-01-24 22:35:18,New York,26\u00baC
2024-01-24 22:35:19,Santiago,24\u00baC
2024-01-24 22:35:20,New York,23\u00baC
2024-01-24 22:35:21,Santiago,24\u00baC
2024-01-24 22:35:22,Santiago,24\u00baC
2024-01-24 22:41:44,Santiago,31\u00baC
2024-01-24 22:41:45,Pittsburgh,32\u00baC
2024-01-24 22:41:46,Pittsburgh,25\u00baC
2024-01-24 22:41:47,New York,23\u00baC
2024-01-24 22:41:48,Santiago,27\u00baC
2024-01-24 22:41:49,New York,30\u00baC
2024-01-24 22:41:50,New York,23\u00baC
2024-01-24 22:41:51,Pittsburgh,23\u00baC
2024-01-24 22:41:52,Santiago,32\u00baC
2024-01-24 22:41:53,Santiago,31\u00baC
2024-01-24 22:51:11,Chicago,23\u00baC
2024-01-24 22:51:12,Los Angeles,28\u00baC
2024-01-24 22:51:13,New York,29\u00baC
2024-01-24 22:51:14,New York,31\u00baC
2024-01-24 22:51:15,Los Angeles,23\u00baC
2024-01-24 22:51:16,Chicago,19\u00baC
2024-01-24 22:51:17,New York,27\u00baC
2024-01-24 22:51:18,Los Angeles,19\u00baC
2024-01-24 22:51:19,New York,27\u00baC
2024-01-24 22:51:20,Chicago,24\u00baC
2024-01-25 07:55:43,New York,21\u00baC
2024-01-25 07:55:44,Santiago,31\u00baC
2024-01-25 07:55:45,Pittsburgh,26\u00baC
2024-01-25 07:55:46,New York,29\u00baC
2024-01-25 07:55:47,Santiago,31\u00baC
2024-01-25 07:55:48,New York,30\u00baC
2024-01-25 07:55:49,Santiago,26\u00baC
2024-01-25 07:55:50,Santiago,18\u00baC
2024-01-25 07:55:51,New York,32\u00baC
2024-01-25 07:55:52,New York,19\u00baC
2024-01-25 11:12:33,Paris,30\u00baC
2024-01-25 11:12:34,Tokyo,26\u00baC
2024-01-25 11:12:35,Paris,28\u00baC
2024-01-25 11:12:36,Tokyo,31\u00baC
2024-01-25 11:12:37,Paris,27\u00baC
2024-01-25 11:12:38,Berlin,26\u00baC
2024-01-25 11:12:39,London,30\u00baC
2024-01-25 11:12:40,London,29\u00baC
2024-01-25 11:12:41,New York,31\u00baC
2024-01-25 11:12:42,Tokyo,27\u00baC
2024-01-25 11:31:42,Cupertino,28\u00baC
2024-01-25 11:31:43,Mountain View,27\u00baC
2024-01-25 11:31:44,Mountain View,20\u00baC
2024-01-25 11:31:45,San Jose,30\u00baC
2024-01-25 11:31:46,Cupertino,24\u00baC
2024-01-25 11:31:47,Cupertino,27\u00baC
2024-01-25 11:31:48,Cupertino,28\u00baC
2024-01-25 11:31:49,Milpitas,31\u00baC
2024-01-25 11:31:50,Mountain View,24\u00baC
2024-01-25 11:31:51,Cupertino,25\u00baC
2024-01-25 12:23:34,Seattle,30\u00baC
2024-01-25 12:23:35,Madison,23\u00baC
2024-01-25 12:23:36,Seattle,27\u00baC
2024-01-25 12:23:37,San Diego,29\u00baC
2024-01-25 12:23:38,Van Alstyne,24\u00baC
2024-01-25 12:23:39,Copenhagen,27\u00baC
2024-01-25 12:23:40,Seattle,26\u00baC
2024-01-25 12:23:41,Madison,23\u00baC
2024-01-25 12:23:42,Copenhagen,31\u00baC
2024-01-25 12:23:43,Copenhagen,26\u00baC
2024-01-25 12:30:13,Beijing,32\u00baC
2024-01-25 12:30:14,Seattle,27\u00baC
2024-01-25 12:30:15,Tokyo,25\u00baC
2024-01-25 12:30:16,Beijing,21\u00baC
2024-01-25 12:30:17,Montreal,30\u00baC
2024-01-25 12:30:18,Pittsburgh,29\u00baC
2024-01-25 12:30:19,Seattle,27\u00baC
2024-01-25 12:30:20,Seattle,20\u00baC
2024-01-25 12:30:21,Montreal,19\u00baC
2024-01-25 12:30:22,Tokyo,18\u00baC
2024-01-25 12:47:25,Tokyo,30\u00baC
2024-01-25 12:47:26,Montreal,18\u00baC
2024-01-25 12:47:27,Beijing,28\u00baC
2024-01-25 12:47:28,Tokyo,28\u00baC
2024-01-25 12:47:29,Tokyo,19\u00baC
2024-01-25 12:47:30,Pittsburgh,32\u00baC
2024-01-25 12:47:31,Tokyo,24\u00baC
2024-01-25 12:47:32,Pittsburgh,28\u00baC
2024-01-25 12:47:33,Montreal,27\u00baC
2024-01-25 12:47:34,Seattle,26\u00baC
2024-01-25 14:14:39,Mumbai,25\u00baC
2024-01-25 14:14:40,Mumbai,27\u00baC
2024-01-25 14:14:41,Mumbai,18\u00baC
2024-01-25 14:14:42,New York,21\u00baC
2024-01-25 14:14:43,Los Angeles,32\u00baC
2024-01-25 14:14:44,Los Angeles,23\u00baC
2024-01-25 14:14:45,Mumbai,22\u00baC
2024-01-25 14:14:46,Mumbai,25\u00baC
2024-01-25 14:14:47,New York,19\u00baC
2024-01-25 14:14:48,New York,20\u00baC
2024-01-25 14:50:32,seattle,21\u00baC
2024-01-25 14:50:33,seattle,22\u00baC
2024-01-25 14:50:34,seattle,19\u00baC
2024-01-25 14:50:35,seattle,24\u00baC
2024-01-25 14:50:36,seattle,30\u00baC
2024-01-25 14:50:37,seattle,20\u00baC
2024-01-25 14:50:38,seattle,29\u00baC
2024-01-25 14:50:39,seattle,24\u00baC
2024-01-25 14:50:40,seattle,22\u00baC
2024-01-25 14:50:41,seattle,26\u00baC
2024-01-25 14:58:21,seattle,21\u00baC
2024-01-25 14:58:22,seattle,31\u00baC
2024-01-25 14:58:23,seattle,21\u00baC
2024-01-25 14:58:24,seattle,20\u00baC
2024-01-25 14:58:25,pittsburgh,25\u00baC
2024-01-25 14:58:26,seattle,30\u00baC
2024-01-25 14:58:27,seattle,26\u00baC
2024-01-25 14:58:28,pittsburgh,24\u00baC
2024-01-25 14:58:29,seattle,20\u00baC
2024-01-25 14:58:30,pittsburgh,19\u00baC
2024-01-25 15:30:00,Seattle,20\u00baC
2024-01-25 15:30:01,Seattle,18\u00baC
2024-01-25 15:30:02,Boston,23\u00baC
2024-01-25 15:30:03,Philadelphia,25\u00baC
2024-01-25 15:30:04,Seattle,32\u00baC
2024-01-25 15:30:05,Tampa,22\u00baC
2024-01-25 15:30:06,Tampa,19\u00baC
2024-01-25 15:30:07,Tampa,22\u00baC
2024-01-25 15:30:08,Tampa,24\u00baC
2024-01-25 15:30:09,Seattle,25\u00baC
2024-01-25 16:36:51,Pittsburgh,31\u00baC
2024-01-25 16:36:52,Pittsburgh,28\u00baC
2024-01-25 16:36:53,Pittsburgh,27\u00baC
2024-01-25 16:36:54,Pittsburgh,20\u00baC
2024-01-25 16:36:55,Pittsburgh,24\u00baC
2024-01-25 16:36:56,Pittsburgh,27\u00baC
2024-01-25 16:36:57,Pittsburgh,20\u00baC
2024-01-25 16:36:58,Pittsburgh,21\u00baC
2024-01-25 16:36:59,Pittsburgh,28\u00baC
2024-01-25 16:37:00,Pittsburgh,18\u00baC
2024-01-25 16:56:44,Chicago,22\u00baC
2024-01-25 16:56:45,Chicago,19\u00baC
2024-01-25 16:56:46,New York,19\u00baC
2024-01-25 16:56:47,New York,24\u00baC
2024-01-25 16:56:48,Chicago,25\u00baC
2024-01-25 16:56:49,New York,28\u00baC
2024-01-25 16:56:50,Chicago,18\u00baC
2024-01-25 16:56:51,Los Angeles,22\u00baC
2024-01-25 16:56:52,New York,31\u00baC
2024-01-25 16:56:53,Chicago,25\u00baC
2024-01-25 17:07:12,Montserrat,28\u00baC
2024-01-25 17:07:13,Jamaica,19\u00baC
2024-01-25 17:07:14,Bermuda,24\u00baC
2024-01-25 17:07:15,Martinique,22\u00baC
2024-01-25 17:07:16,Key Largo,24\u00baC
2024-01-25 17:07:17,Bermuda,28\u00baC
2024-01-25 17:07:18,Jamaica,31\u00baC
2024-01-25 17:07:19,Bermuda,21\u00baC
2024-01-25 17:07:20,Montego,20\u00baC
2024-01-25 17:07:21,Port-au-Prince,32\u00baC
2024-01-25 17:32:17,shanghai,18\u00baC
2024-01-25 17:32:18,shanghai,29\u00baC
2024-01-25 17:32:19,beijing,23\u00baC
2024-01-25 17:32:20,shanghai,27\u00baC
2024-01-25 17:32:21,beijing,24\u00baC
2024-01-25 17:32:22,beijing,32\u00baC
2024-01-25 17:32:23,beijing,30\u00baC
2024-01-25 17:32:24,beijing,29\u00baC
2024-01-25 17:32:25,shanghai,23\u00baC
2024-01-25 17:32:26,shanghai,28\u00baC
2024-01-25 17:46:19,Pittsburgh,23\u00baC
2024-01-25 17:46:20,London,26\u00baC
2024-01-25 17:46:21,Pittsburgh,28\u00baC
2024-01-25 17:46:22,New York,25\u00baC
2024-01-25 17:46:23,London,25\u00baC
2024-01-25 17:46:24,Bangalore,23\u00baC
2024-01-25 17:46:25,Bangalore,24\u00baC
2024-01-25 17:46:26,New York,20\u00baC
2024-01-25 17:46:27,London,19\u00baC
2024-01-25 17:46:28,New York,19\u00baC
2024-01-25 17:51:06,beijing,18\u00baC
2024-01-25 17:51:07,beijing,26\u00baC
2024-01-25 17:51:08,beijing,30\u00baC
2024-01-25 17:51:09,shanghai,22\u00baC
2024-01-25 17:51:10,beijing,21\u00baC
2024-01-25 17:51:11,beijing,19\u00baC
2024-01-25 17:51:12,beijing,30\u00baC
2024-01-25 17:51:13,beijing,32\u00baC
2024-01-25 17:51:14,shanghai,25\u00baC
2024-01-25 17:51:15,shanghai,25\u00baC
2024-01-25 18:25:38,Baltimore,23\u00baC
2024-01-25 18:25:39,Orlando,22\u00baC
2024-01-25 18:25:40,Baltimore,19\u00baC
2024-01-25 18:25:41,Orlando,21\u00baC
2024-01-25 18:25:42,Orlando,29\u00baC
2024-01-25 18:25:43,Baltimore,30\u00baC
2024-01-25 18:25:44,Orlando,25\u00baC
2024-01-25 18:25:45,Pittsburgh,22\u00baC
2024-01-25 18:25:46,Orlando,20\u00baC
2024-01-25 18:25:47,Orlando,32\u00baC
2024-01-25 18:44:00,Pittsburgh,26\u00baC
2024-01-25 18:44:01,Pittsburgh,20\u00baC
2024-01-25 18:44:02,Wisconsin,21\u00baC
2024-01-25 18:44:03,Pittsburgh,24\u00baC
2024-01-25 18:44:04,Pittsburgh,29\u00baC
2024-01-25 18:44:05,Wisconsin,31\u00baC
2024-01-25 18:44:06,Wisconsin,23\u00baC
2024-01-25 18:44:07,Wisconsin,21\u00baC
2024-01-25 18:44:08,Wisconsin,28\u00baC
2024-01-25 18:44:09,Wisconsin,27\u00baC
2024-01-25 19:34:58,Beijing,20\u00baC
2024-01-25 19:34:59,Shanghai,23\u00baC
2024-01-25 19:35:00,Shanghai,23\u00baC
2024-01-25 19:35:01,Pittsburgh,18\u00baC
2024-01-25 19:35:02,Pittsburgh,23\u00baC
2024-01-25 19:35:03,Beijing,21\u00baC
2024-01-25 19:35:04,Shanghai,28\u00baC
2024-01-25 19:35:05,Beijing,31\u00baC
2024-01-25 19:35:06,Shanghai,20\u00baC
2024-01-25 19:35:07,Shanghai,31\u00baC
2024-01-25 20:00:45,Pittsburgh,18\u00baC
2024-01-25 20:00:47,Boston,27\u00baC
2024-01-25 20:00:48,Boston,26\u00baC
2024-01-25 20:00:49,Pittsburgh,26\u00baC
2024-01-25 20:00:50,Boston,19\u00baC
2024-01-25 20:00:51,Pittsburgh,26\u00baC
2024-01-25 20:00:52,Boston,19\u00baC
2024-01-25 20:00:53,Pittsburgh,26\u00baC
2024-01-25 20:00:54,Pittsburgh,19\u00baC
2024-01-25 20:00:55,Boston,29\u00baC
2024-01-25 20:01:35,Boston,23\u00baC
2024-01-25 20:01:36,Boston,28\u00baC
2024-01-25 20:01:37,Boston,32\u00baC
2024-01-25 20:01:38,Boston,18\u00baC
2024-01-25 20:01:39,Pittsburgh,24\u00baC
2024-01-25 20:01:40,Pittsburgh,24\u00baC
2024-01-25 20:01:41,Boston,32\u00baC
2024-01-25 20:01:42,Pittsburgh,27\u00baC
2024-01-25 20:01:43,Boston,23\u00baC
2024-01-25 20:01:44,Pittsburgh,22\u00baC
2024-01-25 20:04:44,Boston,25\u00baC
2024-01-25 20:04:45,Pittsburgh,30\u00baC
2024-01-25 20:04:46,Boston,18\u00baC
2024-01-25 20:04:47,Pittsburgh,23\u00baC
2024-01-25 20:04:48,Pittsburgh,19\u00baC
2024-01-25 20:04:49,Boston,27\u00baC
2024-01-25 20:04:50,Boston,27\u00baC
2024-01-25 20:04:51,Pittsburgh,21\u00baC
2024-01-25 20:04:52,Boston,22\u00baC
2024-01-25 20:04:53,Boston,21\u00baC
2024-01-25 20:26:48,London,18\u00baC
2024-01-25 20:26:49,Dubai,24\u00baC
2024-01-25 20:26:50,London,26\u00baC
2024-01-25 20:26:51,London,28\u00baC
2024-01-25 20:26:52,Dubai,19\u00baC
2024-01-25 20:26:53,Dubai,25\u00baC
2024-01-25 20:26:54,Dubai,20\u00baC
2024-01-25 20:26:55,Dubai,19\u00baC
2024-01-25 20:26:56,London,27\u00baC
2024-01-25 20:26:57,London,32\u00baC
2024-01-25 20:29:51,Pitts,27\u00baC
2024-01-25 20:29:52,Hongkong,31\u00baC
2024-01-25 20:29:53,Pitts,22\u00baC
2024-01-25 20:29:54,Hongkong,26\u00baC
2024-01-25 20:29:55,Shanghai,26\u00baC
2024-01-25 20:29:56,CA,18\u00baC
2024-01-25 20:29:57,CA,24\u00baC
2024-01-25 20:29:58,Shanghai,27\u00baC
2024-01-25 20:29:59,Pitts,27\u00baC
2024-01-25 20:30:00,Hongkong,18\u00baC
2024-01-25 20:31:02,Hongkong,29\u00baC
2024-01-25 20:31:03,Shanghai,25\u00baC
2024-01-25 20:31:04,Hongkong,21\u00baC
2024-01-25 20:31:05,Pitts,21\u00baC
2024-01-25 20:31:06,Shanghai,26\u00baC
2024-01-25 20:31:07,Pitts,21\u00baC
2024-01-25 20:31:08,Pitts,29\u00baC
2024-01-25 20:31:09,Shanghai,26\u00baC
2024-01-25 20:31:10,Hongkong,19\u00baC
2024-01-25 20:31:11,Pitts,20\u00baC
2024-01-25 20:31:30,Topeka,29\u00baC
2024-01-25 20:31:31,Mumbai,24\u00baC
2024-01-25 20:31:32,Dubai,21\u00baC
2024-01-25 20:31:33,Pittsburgh,30\u00baC
2024-01-25 20:31:34,London,29\u00baC
2024-01-25 20:31:35,Dubai,24\u00baC
2024-01-25 20:31:36,Atlanta,24\u00baC
2024-01-25 20:31:37,London,31\u00baC
2024-01-25 20:31:38,Topeka,21\u00baC
2024-01-25 20:31:39,New York,24\u00baC
2024-01-25 20:34:29,New York,28\u00baC
2024-01-25 20:34:30,Los Angeles,24\u00baC
2024-01-25 20:34:31,Pittsburgh,27\u00baC
2024-01-25 20:34:32,New York,19\u00baC
2024-01-25 20:34:33,New York,32\u00baC
2024-01-25 20:34:34,New York,20\u00baC
2024-01-25 20:34:35,New York,29\u00baC
2024-01-25 20:34:36,Los Angeles,30\u00baC
2024-01-25 20:34:37,New York,32\u00baC
2024-01-25 20:34:38,New York,23\u00baC
2024-01-25 20:39:00,San Francisco,30\u00baC
2024-01-25 20:39:01,Mumbai,22\u00baC
2024-01-25 20:39:02,Dubai,23\u00baC
2024-01-25 20:39:03,Shanghai,18\u00baC
2024-01-25 20:39:04,Atlanta,27\u00baC
2024-01-25 20:39:05,Mumbai,21\u00baC
2024-01-25 20:39:06,New York,28\u00baC
2024-01-25 20:39:07,Dubai,19\u00baC
2024-01-25 20:39:08,Atlanta,30\u00baC
2024-01-25 20:39:09,Shanghai,19\u00baC
2024-01-25 20:39:59,Shanghai,24\u00baC
2024-01-25 20:40:00,New York,31\u00baC
2024-01-25 20:40:01,Shanghai,32\u00baC
2024-01-25 20:40:02,Shanghai,18\u00baC
2024-01-25 20:40:03,New York,22\u00baC
2024-01-25 20:40:04,Paris,23\u00baC
2024-01-25 20:40:05,London,28\u00baC
2024-01-25 20:40:06,London,30\u00baC
2024-01-25 20:40:07,New York,18\u00baC
2024-01-25 20:40:08,Mumbai,22\u00baC
2024-01-25 20:40:08,New York,21\u00baC
2024-01-25 20:40:09,Mumbai,21\u00baC
2024-01-25 20:40:10,Los Angeles,31\u00baC
2024-01-25 20:40:11,New York,19\u00baC
2024-01-25 20:40:12,Los Angeles,31\u00baC
2024-01-25 20:40:13,New York,23\u00baC
2024-01-25 20:40:14,Mumbai,21\u00baC
2024-01-25 20:40:15,Mumbai,29\u00baC
2024-01-25 20:40:16,Los Angeles,29\u00baC
2024-01-25 20:40:17,Mumbai,22\u00baC
2024-01-25 20:43:22,Los Angeles,18\u00baC
2024-01-25 20:43:23,Pittsburgh,27\u00baC
2024-01-25 20:43:24,Los Angeles,30\u00baC
2024-01-25 20:43:25,New York,32\u00baC
2024-01-25 20:43:26,Los Angeles,20\u00baC
2024-01-25 20:43:27,Los Angeles,22\u00baC
2024-01-25 20:43:28,New York,32\u00baC
2024-01-25 20:43:29,Los Angeles,30\u00baC
2024-01-25 20:43:30,New York,18\u00baC
2024-01-25 20:43:31,Los Angeles,26\u00baC
2024-01-25 20:44:33,Mumbai,25\u00baC
2024-01-25 20:44:34,New York,31\u00baC
2024-01-25 20:44:34,Los Angeles,19\u00baC
2024-01-25 20:44:35,New York,30\u00baC
2024-01-25 20:44:35,New York,19\u00baC
2024-01-25 20:44:36,Los Angeles,18\u00baC
2024-01-25 20:44:36,Los Angeles,22\u00baC
2024-01-25 20:44:37,New York,27\u00baC
2024-01-25 20:44:37,New York,27\u00baC
2024-01-25 20:44:38,New York,20\u00baC
2024-01-25 20:44:38,Los Angeles,25\u00baC
2024-01-25 20:44:39,Mumbai,31\u00baC
2024-01-25 20:44:39,Los Angeles,18\u00baC
2024-01-25 20:44:40,New York,28\u00baC
2024-01-25 20:44:40,Los Angeles,27\u00baC
2024-01-25 20:44:41,Los Angeles,28\u00baC
2024-01-25 20:44:41,New York,26\u00baC
2024-01-25 20:44:42,New York,29\u00baC
2024-01-25 20:44:42,New York,25\u00baC
2024-01-25 20:44:43,Pittsburgh,18\u00baC
2024-01-25 20:51:45,San Francisco,28\u00baC
2024-01-25 20:51:46,Los Angeles,23\u00baC
2024-01-25 20:51:47,New York City,24\u00baC
2024-01-25 20:51:48,Los Angeles,31\u00baC
2024-01-25 20:51:49,San Francisco,32\u00baC
2024-01-25 20:51:50,Los Angeles,27\u00baC
2024-01-25 20:51:51,Los Angeles,25\u00baC
2024-01-25 20:51:52,San Francisco,29\u00baC
2024-01-25 20:51:53,Los Angeles,28\u00baC
2024-01-25 20:51:54,San Francisco,24\u00baC
2024-01-25 21:05:33,Shanghai,19\u00baC
2024-01-25 21:05:34,Shanghai,32\u00baC
2024-01-25 21:05:35,Pittsburgh,19\u00baC
2024-01-25 21:05:36,Pittsburgh,19\u00baC
2024-01-25 21:05:37,Hong Kong,23\u00baC
2024-01-25 21:05:38,Xiamen,24\u00baC
2024-01-25 21:05:39,New York,21\u00baC
2024-01-25 21:05:40,Shanghai,27\u00baC
2024-01-25 21:05:41,Xiamen,19\u00baC
2024-01-25 21:05:42,Xiamen,31\u00baC
2024-01-25 21:17:39,Xiamen,24\u00baC
2024-01-25 21:17:40,Pittsburgh,24\u00baC
2024-01-25 21:17:41,Xiamen,19\u00baC
2024-01-25 21:17:42,New York,23\u00baC
2024-01-25 21:17:43,Xiamen,30\u00baC
2024-01-25 21:17:44,Hong Kong,18\u00baC
2024-01-25 21:17:45,New York,24\u00baC
2024-01-25 21:17:46,New York,22\u00baC
2024-01-25 21:17:47,New York,24\u00baC
2024-01-25 21:17:48,Xiamen,32\u00baC
2024-01-25 21:20:29,New York,29\u00baC
2024-01-25 21:20:30,New York,30\u00baC
2024-01-25 21:20:31,New York,21\u00baC
2024-01-25 21:20:32,New York,24\u00baC
2024-01-25 21:20:33,New York,19\u00baC
2024-01-25 21:20:34,New York,30\u00baC
2024-01-25 21:20:35,New York,29\u00baC
2024-01-25 21:20:36,New York,31\u00baC
2024-01-25 21:20:37,New York,25\u00baC
2024-01-25 21:20:38,New York,24\u00baC
2024-01-25 21:26:28,pittsburgh,32\u00baC
2024-01-25 21:26:29,new york city,18\u00baC
2024-01-25 21:26:30,new york city,24\u00baC
2024-01-25 21:26:31,new york city,22\u00baC
2024-01-25 21:26:32,pittsburgh,26\u00baC
2024-01-25 21:26:33,pittsburgh,24\u00baC
2024-01-25 21:26:34,new york city,32\u00baC
2024-01-25 21:26:35,pittsburgh,30\u00baC
2024-01-25 21:26:36,pittsburgh,27\u00baC
2024-01-25 21:26:37,pittsburgh,26\u00baC
2024-01-25 21:30:45,CityA,20\u00baC
2024-01-25 21:30:46,CityB,27\u00baC
2024-01-25 21:30:47,CityA,18\u00baC
2024-01-25 21:30:48,CityC,21\u00baC
2024-01-25 21:30:49,CityB,22\u00baC
2024-01-25 21:30:50,CityC,25\u00baC
2024-01-25 21:30:51,CityC,27\u00baC
2024-01-25 21:30:52,CityB,28\u00baC
2024-01-25 21:30:53,CityC,19\u00baC
2024-01-25 21:30:54,CityB,18\u00baC
2024-01-25 22:21:35,Chicago,30\u00baC
2024-01-25 22:21:36,San Francisco,26\u00baC
2024-01-25 22:21:37,Pittsburgh,18\u00baC
2024-01-25 22:21:38,Chicago,32\u00baC
2024-01-25 22:21:39,Las Vegas,30\u00baC
2024-01-25 22:21:40,Las Vegas,31\u00baC
2024-01-25 22:21:41,Orlando,23\u00baC
2024-01-25 22:21:42,Pittsburgh,18\u00baC
2024-01-25 22:21:43,Las Vegas,24\u00baC
2024-01-25 22:21:44,Orlando,26\u00baC
2024-01-25 22:22:13,Michigan,22\u00baC
2024-01-25 22:22:14,Michigan,26\u00baC
2024-01-25 22:22:15,Las Vegas,31\u00baC
2024-01-25 22:22:16,Michigan,19\u00baC
2024-01-25 22:22:17,Michigan,31\u00baC
2024-01-25 22:22:18,Chicago,24\u00baC
2024-01-25 22:22:19,Orlando,26\u00baC
2024-01-25 22:22:20,Pittsburgh,29\u00baC
2024-01-25 22:22:21,San Francisco,25\u00baC
2024-01-25 22:22:22,Michigan,23\u00baC
2024-01-25 22:22:26,Pittsburgh,25\u00baC
2024-01-25 22:22:27,San Francisco,32\u00baC
2024-01-25 22:22:28,Chicago,25\u00baC
2024-01-25 22:22:29,Michigan,31\u00baC
2024-01-25 22:22:30,Las Vegas,21\u00baC
2024-01-25 22:22:31,Orlando,28\u00baC
2024-01-25 22:22:32,Chicago,25\u00baC
2024-01-25 22:22:33,Las Vegas,32\u00baC
2024-01-25 22:22:34,Las Vegas,28\u00baC
2024-01-25 22:22:35,Michigan,30\u00baC
2024-01-25 22:24:30,San Francisco,20\u00baC
2024-01-25 22:24:31,Michigan,19\u00baC
2024-01-25 22:24:32,Las Vegas,20\u00baC
2024-01-25 22:24:33,Orlando,21\u00baC
2024-01-25 22:24:34,Las Vegas,25\u00baC
2024-01-25 22:24:35,Michigan,27\u00baC
2024-01-25 22:24:36,San Francisco,29\u00baC
2024-01-25 22:24:37,Michigan,30\u00baC
2024-01-25 22:24:38,Las Vegas,32\u00baC
2024-01-25 22:24:39,Pittsburgh,30\u00baC
2024-01-25 22:25:40,Pittsburgh,24\u00baC
2024-01-25 22:25:41,Las Vegas,18\u00baC
2024-01-25 22:25:42,Orlando,22\u00baC
2024-01-25 22:25:43,San Francisco,32\u00baC
2024-01-25 22:25:44,San Francisco,24\u00baC
2024-01-25 22:25:45,Orlando,23\u00baC
2024-01-25 22:25:46,San Francisco,28\u00baC
2024-01-25 22:25:47,Pittsburgh,21\u00baC
2024-01-25 22:25:48,Chicago,29\u00baC
2024-01-25 22:25:49,Chicago,31\u00baC
2024-01-25 22:29:41,Pittsburgh,29\u00baC
2024-01-25 22:29:42,Hong Kong,28\u00baC
2024-01-25 22:29:43,Pittsburgh,20\u00baC
2024-01-25 22:29:44,Pittsburgh,21\u00baC
2024-01-25 22:29:45,Pittsburgh,26\u00baC
2024-01-25 22:29:46,Hong Kong,31\u00baC
2024-01-25 22:29:47,Pittsburgh,29\u00baC
2024-01-25 22:29:48,Hong Kong,31\u00baC
2024-01-25 22:29:49,Pittsburgh,31\u00baC
2024-01-25 22:29:50,Hong Kong,29\u00baC
2024-01-25 22:42:37,Townsville,24\u00baC
2024-01-25 22:42:38,Townsville,22\u00baC
2024-01-25 22:42:39,Sydney,20\u00baC
2024-01-25 22:42:40,Sydney,21\u00baC
2024-01-25 22:42:41,Sydney,30\u00baC
2024-01-25 22:42:42,Sydney,21\u00baC
2024-01-25 22:42:43,Sydney,28\u00baC
2024-01-25 22:42:44,Sydney,25\u00baC
2024-01-25 22:42:45,Townsville,32\u00baC
2024-01-25 22:42:46,Brisbane,21\u00baC
2024-01-25 22:43:16,Kaohsiung,32\u00baC
2024-01-25 22:43:17,San Francisco,32\u00baC
2024-01-25 22:43:18,Taipei,24\u00baC
2024-01-25 22:43:19,Philadelphia,19\u00baC
2024-01-25 22:43:20,Taichung,27\u00baC
2024-01-25 22:43:21,Chicago,31\u00baC
2024-01-25 22:43:22,Taichung,21\u00baC
2024-01-25 22:43:23,Taichung,25\u00baC
2024-01-25 22:43:24,New York City,21\u00baC
2024-01-25 22:43:25,San Francisco,31\u00baC
2024-01-25 22:57:33,San Francisco,29\u00baC
2024-01-25 22:57:34,Los Angelos,30\u00baC
2024-01-25 22:57:35,New York City,18\u00baC
2024-01-25 22:57:36,Taichung,29\u00baC
2024-01-25 22:57:37,Pittsburgh,22\u00baC
2024-01-25 22:57:38,Seattle,18\u00baC
2024-01-25 22:57:39,Taipei,27\u00baC
2024-01-25 22:57:40,Taipei,29\u00baC
2024-01-25 22:57:41,Philadelphia,23\u00baC
2024-01-25 22:57:42,Pittsburgh,24\u00baC
2024-01-25 23:24:22,Boston,24\u00baC
2024-01-25 23:24:23,Pittsburgh,19\u00baC
2024-01-25 23:24:24,Pittsburgh,30\u00baC
2024-01-25 23:24:25,Mumbai,29\u00baC
2024-01-25 23:24:26,Mumbai,20\u00baC
2024-01-25 23:24:27,Mumbai,19\u00baC
2024-01-25 23:24:28,Mumbai,23\u00baC
2024-01-25 23:24:29,Pittsburgh,29\u00baC
2024-01-25 23:24:30,Pittsburgh,25\u00baC
2024-01-25 23:24:31,Mumbai,25\u00baC
2024-01-25 23:27:46,Pune,28\u00baC
2024-01-25 23:27:47,New York,20\u00baC
2024-01-25 23:27:48,Pittsburgh,20\u00baC
2024-01-25 23:27:49,Boston,21\u00baC
2024-01-25 23:27:50,Pune,28\u00baC
2024-01-25 23:27:52,Pune,26\u00baC
2024-01-25 23:27:53,Boston,25\u00baC
2024-01-25 23:27:54,Pune,25\u00baC
2024-01-25 23:27:55,New York,31\u00baC
2024-01-25 23:27:56,Pittsburgh,24\u00baC
2024-01-25 23:34:43,New York,18\u00baC
2024-01-25 23:34:44,Beijing,25\u00baC
2024-01-25 23:34:45,Mumbai,21\u00baC
2024-01-25 23:34:46,London,30\u00baC
2024-01-25 23:34:47,Pittsburgh,18\u00baC
2024-01-25 23:34:48,London,26\u00baC
2024-01-25 23:34:49,Sydney,26\u00baC
2024-01-25 23:34:50,Paris,29\u00baC
2024-01-25 23:34:51,Pittsburgh,24\u00baC
2024-01-25 23:34:52,San Francisco,20\u00baC
2024-01-25 23:43:57,Pittsburgh,23\u00baC
2024-01-25 23:43:58,Boston,29\u00baC
2024-01-25 23:43:59,Pune,23\u00baC
2024-01-25 23:44:00,Pittsburgh,32\u00baC
2024-01-25 23:44:01,Boston,29\u00baC
2024-01-25 23:44:02,New York,25\u00baC
2024-01-25 23:44:03,Boston,27\u00baC
2024-01-25 23:44:04,Boston,24\u00baC
2024-01-25 23:44:05,New York,23\u00baC
2024-01-25 23:44:06,Pittsburgh,21\u00baC
2024-01-26 00:04:19,Paris,18\u00baC
2024-01-26 00:04:20,London,21\u00baC
2024-01-26 00:04:21,Mumbai,28\u00baC
2024-01-26 00:04:22,Paris,24\u00baC
2024-01-26 00:04:23,London,29\u00baC
2024-01-26 00:04:24,London,20\u00baC
2024-01-26 00:04:25,London,19\u00baC
2024-01-26 00:04:26,Paris,19\u00baC
2024-01-26 00:04:27,Mumbai,21\u00baC
2024-01-26 00:04:28,Paris,27\u00baC
2024-01-26 00:08:02,Mumbai,24\u00baC
2024-01-26 00:08:03,Tokyo,28\u00baC
2024-01-26 00:08:04,San Francisco,21\u00baC
2024-01-26 00:08:05,Tokyo,31\u00baC
2024-01-26 00:08:06,Tokyo,29\u00baC
2024-01-26 00:08:07,San Francisco,25\u00baC
2024-01-26 00:08:08,New York,24\u00baC
2024-01-26 00:08:09,Tokyo,32\u00baC
2024-01-26 00:08:10,San Francisco,24\u00baC
2024-01-26 00:08:11,Tokyo,21\u00baC
2024-01-26 00:15:07,Jaipur,29\u00baC
2024-01-26 00:15:08,Jaipur,30\u00baC
2024-01-26 00:15:09,Jaipur,27\u00baC
2024-01-26 00:15:10,Jaipur,28\u00baC
2024-01-26 00:15:11,Pittsburgh,25\u00baC
2024-01-26 00:15:12,Hyderabad,22\u00baC
2024-01-26 00:15:13,Pittsburgh,19\u00baC
2024-01-26 00:15:14,Hyderabad,22\u00baC
2024-01-26 00:15:15,Jaipur,21\u00baC
2024-01-26 00:15:16,Jaipur,18\u00baC
2024-01-26 00:16:04,seattle,23\u00baC
2024-01-26 00:16:05,seattle,30\u00baC
2024-01-26 00:16:06,pittsburgh,32\u00baC
2024-01-26 00:16:07,san_fransisco,29\u00baC
2024-01-26 00:16:08,san_fransisco,18\u00baC
2024-01-26 00:16:09,pittsburgh,22\u00baC
2024-01-26 00:16:10,pittsburgh,18\u00baC
2024-01-26 00:16:11,seattle,19\u00baC
2024-01-26 00:16:12,san_fransisco,21\u00baC
2024-01-26 00:16:13,pittsburgh,28\u00baC
2024-01-26 00:24:05,Pittsburgh,23\u00baC
2024-01-26 00:24:06,Hyderabad,23\u00baC
2024-01-26 00:24:07,Jaipur,22\u00baC
2024-01-26 00:24:08,Jaipur,31\u00baC
2024-01-26 00:24:09,Hyderabad,31\u00baC
2024-01-26 00:24:10,Jaipur,24\u00baC
2024-01-26 00:24:11,Hyderabad,21\u00baC
2024-01-26 00:24:12,Jaipur,19\u00baC
2024-01-26 00:24:13,Pittsburgh,31\u00baC
2024-01-26 00:24:14,Jaipur,31\u00baC
2024-01-26 00:26:46,seattle,24\u00baC
2024-01-26 00:26:47,seattle,32\u00baC
2024-01-26 00:26:48,pittsburgh,26\u00baC
2024-01-26 00:26:49,pittsburgh,24\u00baC
2024-01-26 00:26:50,seattle,26\u00baC
2024-01-26 00:26:51,pittsburgh,25\u00baC
2024-01-26 00:26:52,pittsburgh,24\u00baC
2024-01-26 00:26:53,pittsburgh,20\u00baC
2024-01-26 00:26:54,pittsburgh,21\u00baC
2024-01-26 00:26:55,seattle,22\u00baC
2024-01-26 00:27:19,pittsburgh,21\u00baC
2024-01-26 00:27:20,pittsburgh,32\u00baC
2024-01-26 00:27:21,san fransisco,29\u00baC
2024-01-26 00:27:22,pittsburgh,24\u00baC
2024-01-26 00:27:23,seattle,27\u00baC
2024-01-26 00:27:24,pittsburgh,32\u00baC
2024-01-26 00:27:25,seattle,22\u00baC
2024-01-26 00:27:26,seattle,18\u00baC
2024-01-26 00:27:27,seattle,23\u00baC
2024-01-26 00:27:28,seattle,28\u00baC
2024-01-26 00:27:44,Hyderabad,32\u00baC
2024-01-26 00:27:45,Jaipur,26\u00baC
2024-01-26 00:27:46,Jaipur,29\u00baC
2024-01-26 00:27:47,Jaipur,30\u00baC
2024-01-26 00:27:48,Hyderabad,25\u00baC
2024-01-26 00:27:49,Hyderabad,26\u00baC
2024-01-26 00:27:50,Pittsburgh,25\u00baC
2024-01-26 00:27:51,Pittsburgh,29\u00baC
2024-01-26 00:27:52,Jaipur,23\u00baC
2024-01-26 00:27:53,Jaipur,30\u00baC
2024-01-26 00:28:21,jodhpur,22\u00baC
2024-01-26 00:28:22,jodhpur,30\u00baC
2024-01-26 00:28:23,jodhpur,26\u00baC
2024-01-26 00:28:24,jodhpur,21\u00baC
2024-01-26 00:28:25,jodhpur,26\u00baC
2024-01-26 00:28:26,jodhpur,19\u00baC
2024-01-26 00:28:27,jodhpur,20\u00baC
2024-01-26 00:28:28,jodhpur,30\u00baC
2024-01-26 00:28:29,jodhpur,27\u00baC
2024-01-26 00:28:30,jodhpur,29\u00baC
2024-01-26 00:29:05,jodhpur,18\u00baC
2024-01-26 00:29:06,jodhpur,27\u00baC
2024-01-26 00:29:07,jodhpur,26\u00baC
2024-01-26 00:29:08,jodhpur,31\u00baC
2024-01-26 00:29:09,jodhpur,24\u00baC
2024-01-26 00:29:10,jodhpur,21\u00baC
2024-01-26 00:29:11,jodhpur,24\u00baC
2024-01-26 00:29:12,jodhpur,20\u00baC
2024-01-26 00:29:13,jodhpur,23\u00baC
2024-01-26 00:29:14,jodhpur,28\u00baC
2024-01-26 00:59:51,Jamshedpur,26\u00baC
2024-01-26 00:59:52,Hokagetown,19\u00baC
2024-01-26 00:59:53,Pittsburgh,18\u00baC
2024-01-26 00:59:54,Pittsburgh,21\u00baC
2024-01-26 00:59:55,Leaf village,20\u00baC
2024-01-26 00:59:56,Jamshedpur,28\u00baC
2024-01-26 00:59:57,Leaf village,25\u00baC
2024-01-26 00:59:58,Pittsburgh,27\u00baC
2024-01-26 00:59:59,Jamshedpur,18\u00baC
2024-01-26 01:00:00,Hokagetown,21\u00baC
2024-01-26 01:15:47,San Jose,29\u00baC
2024-01-26 01:15:48,Miami,30\u00baC
2024-01-26 01:15:49,Miami,24\u00baC
2024-01-26 01:15:50,San Jose,21\u00baC
2024-01-26 01:15:51,San Jose,18\u00baC
2024-01-26 01:15:52,San Jose,18\u00baC
2024-01-26 01:15:53,San Jose,18\u00baC
2024-01-26 01:15:54,San Jose,24\u00baC
2024-01-26 01:15:55,Miami,20\u00baC
2024-01-26 01:15:56,Miami,31\u00baC
2024-01-26 02:08:45,Los Angeles,31\u00baC
2024-01-26 02:08:46,Mumbai,21\u00baC
2024-01-26 02:08:47,Los Angeles,23\u00baC
2024-01-26 02:08:48,New York,23\u00baC
2024-01-26 02:08:49,New York,26\u00baC
2024-01-26 02:08:50,New York,22\u00baC
2024-01-26 02:08:51,Los Angeles,19\u00baC
2024-01-26 02:08:52,New York,26\u00baC
2024-01-26 02:08:53,Mumbai,21\u00baC
2024-01-26 02:08:54,Los Angeles,27\u00baC
2024-01-26 02:22:00,Sydney,20\u00baC
2024-01-26 02:22:01,Tokyo,23\u00baC
2024-01-26 02:22:02,Sydney,32\u00baC
2024-01-26 02:22:03,New York,20\u00baC
2024-01-26 02:22:04,London,26\u00baC
2024-01-26 02:22:05,Paris,23\u00baC
2024-01-26 02:22:06,New York,32\u00baC
2024-01-26 02:22:07,London,22\u00baC
2024-01-26 02:22:08,Tokyo,19\u00baC
2024-01-26 02:22:09,Sydney,19\u00baC
2024-01-26 02:37:13,Pittsburgh,18\u00baC
2024-01-26 02:37:14,Pittsburgh,28\u00baC
2024-01-26 02:37:15,Pittsburgh,20\u00baC
2024-01-26 02:37:16,New York City,32\u00baC
2024-01-26 02:37:17,New York City,20\u00baC
2024-01-26 02:37:18,New York City,30\u00baC
2024-01-26 02:37:19,New York City,32\u00baC
2024-01-26 02:37:20,Pittsburgh,29\u00baC
2024-01-26 02:37:21,Pittsburgh,24\u00baC
2024-01-26 02:37:22,New York City,25\u00baC
2024-01-26 02:37:47,Los Angeles,31\u00baC
2024-01-26 02:37:48,New York,25\u00baC
2024-01-26 02:37:49,Seattle,28\u00baC
2024-01-26 02:37:50,New York,28\u00baC
2024-01-26 02:37:51,Seattle,29\u00baC
2024-01-26 02:37:52,Seattle,23\u00baC
2024-01-26 02:37:53,Seattle,21\u00baC
2024-01-26 02:37:54,Bellevue,25\u00baC
2024-01-26 02:37:55,Seattle,23\u00baC
2024-01-26 02:37:56,Los Angeles,27\u00baC
2024-01-26 02:47:01,London,30\u00baC
2024-01-26 02:47:02,Tororo,22\u00baC
2024-01-26 02:47:03,Mexico City,32\u00baC
2024-01-26 02:47:04,London,28\u00baC
2024-01-26 02:47:05,Tororo,20\u00baC
2024-01-26 02:47:06,Mexico City,21\u00baC
2024-01-26 02:47:07,Mexico City,25\u00baC
2024-01-26 02:47:08,London,29\u00baC
2024-01-26 02:47:09,London,18\u00baC
2024-01-26 02:47:10,New York,28\u00baC
2024-01-26 02:53:06,Seattle,26\u00baC
2024-01-26 02:53:07,Hyderabad,20\u00baC
2024-01-26 02:53:08,Seattle,18\u00baC
2024-01-26 02:53:09,Hyderabad,22\u00baC
2024-01-26 02:53:10,Hyderabad,19\u00baC
2024-01-26 02:53:11,Hyderabad,30\u00baC
2024-01-26 02:53:12,Seattle,22\u00baC
2024-01-26 02:53:13,Hyderabad,19\u00baC
2024-01-26 02:53:14,Hyderabad,22\u00baC
2024-01-26 02:53:15,Pittsburgh,26\u00baC
2024-01-26 08:22:00,Pittsburgh,25\u00baC
2024-01-26 08:22:01,Bangalore,21\u00baC
2024-01-26 08:22:02,Pittsburgh,28\u00baC
2024-01-26 08:22:03,Pittsburgh,24\u00baC
2024-01-26 08:22:04,Bangalore,30\u00baC
2024-01-26 08:22:06,Pittsburgh,32\u00baC
2024-01-26 08:22:07,New York,21\u00baC
2024-01-26 08:22:08,New York,18\u00baC
2024-01-26 08:22:09,London,31\u00baC
2024-01-26 08:22:10,Pittsburgh,18\u00baC
2024-01-24 23:10:33,Los Angeles,28\u00baC
2024-01-24 23:10:35,New York,28\u00baC
2024-01-24 23:10:36,Chicago,25\u00baC
2024-01-24 23:10:37,Los Angeles,24\u00baC
2024-01-24 23:10:38,New York,25\u00baC
2024-01-24 23:10:39,New York,31\u00baC
2024-01-24 23:10:40,New York,24\u00baC
2024-01-24 23:10:41,Los Angeles,31\u00baC
2024-01-24 23:10:42,Los Angeles,23\u00baC
2024-01-24 23:10:43,New York,29\u00baC
2024-01-24 23:12:03,Los Angeles,30\u00baC
2024-01-24 23:12:04,Los Angeles,31\u00baC
2024-01-24 23:12:05,Los Angeles,27\u00baC
2024-01-24 23:12:06,Los Angeles,20\u00baC
2024-01-24 23:12:07,Chicago,29\u00baC
2024-01-24 23:12:08,Los Angeles,25\u00baC
2024-01-24 23:12:09,New York,27\u00baC
2024-01-24 23:12:10,Los Angeles,25\u00baC
2024-01-24 23:12:11,Los Angeles,31\u00baC
2024-01-24 23:12:12,Los Angeles,20\u00baC
2024-01-25 07:56:37,New York,32\u00baC
2024-01-25 07:56:38,Santiago,18\u00baC
2024-01-25 07:56:39,Santiago,18\u00baC
2024-01-25 07:56:40,Pittsburgh,22\u00baC
2024-01-25 07:56:41,New York,26\u00baC
2024-01-25 07:56:42,Santiago,18\u00baC
2024-01-25 07:56:43,New York,29\u00baC
2024-01-25 07:56:44,Santiago,27\u00baC
2024-01-25 07:56:45,New York,31\u00baC
2024-01-25 07:56:46,Pittsburgh,25\u00baC
2024-01-25 08:06:10,Pittsburgh,26\u00baC
2024-01-25 08:06:11,Pittsburgh,22\u00baC
2024-01-25 08:06:12,Santiago,20\u00baC
2024-01-25 08:06:13,Pittsburgh,21\u00baC
2024-01-25 08:06:14,Santiago,28\u00baC
2024-01-25 08:06:15,Pittsburgh,27\u00baC
2024-01-25 08:06:16,Pittsburgh,32\u00baC
2024-01-25 08:06:17,New York,23\u00baC
2024-01-25 08:06:18,Pittsburgh,22\u00baC
2024-01-25 08:06:19,Pittsburgh,23\u00baC
2024-01-25 08:18:40,New York,29\u00baC
2024-01-25 08:18:41,New York,21\u00baC
2024-01-25 08:18:42,Pittsburgh,26\u00baC
2024-01-25 08:18:43,New York,24\u00baC
2024-01-25 08:18:44,Pittsburgh,21\u00baC
2024-01-25 08:18:45,Santiago,28\u00baC
2024-01-25 08:18:46,New York,28\u00baC
2024-01-25 08:18:47,Santiago,27\u00baC
2024-01-25 08:18:48,New York,25\u00baC
2024-01-25 08:18:49,Pittsburgh,32\u00baC
2024-01-25 08:26:44,Santiago,30\u00baC
2024-01-25 08:26:45,New York,30\u00baC
2024-01-25 08:26:46,New York,30\u00baC
2024-01-25 08:26:47,Pittsburgh,23\u00baC
2024-01-25 08:26:48,Santiago,22\u00baC
2024-01-25 08:26:49,New York,24\u00baC
2024-01-25 08:26:50,Pittsburgh,21\u00baC
2024-01-25 08:26:51,New York,28\u00baC
2024-01-25 08:26:52,Pittsburgh,29\u00baC
2024-01-25 08:26:53,Pittsburgh,31\u00baC
2024-01-25 15:01:58,Phoenix,19\u00baC
2024-01-25 15:01:59,Phoenix,31\u00baC
2024-01-25 15:02:00,Chicago,20\u00baC
2024-01-25 15:02:01,Los Angeles,32\u00baC
2024-01-25 15:02:02,Phoenix,22\u00baC
2024-01-25 15:02:03,Phoenix,32\u00baC
2024-01-25 15:02:04,Phoenix,29\u00baC
2024-01-25 15:02:05,Los Angeles,19\u00baC
2024-01-25 15:02:06,Phoenix,20\u00baC
2024-01-25 15:02:07,Los Angeles,18\u00baC
2024-01-25 15:31:07,Chicago,32\u00baC
2024-01-25 15:31:08,Chicago,19\u00baC
2024-01-25 15:31:09,Chicago,31\u00baC
2024-01-25 15:47:59,Phoenix,21\u00baC
2024-01-25 15:48:00,Chicago,24\u00baC
2024-01-25 15:48:01,Phoenix,28\u00baC
2024-01-25 15:48:02,Chicago,23\u00baC
2024-01-25 16:23:52,Los Angeles,22\u00baC
2024-01-25 16:23:53,Chicago,22\u00baC
2024-01-25 16:23:54,Los Angeles,29\u00baC
2024-01-25 16:23:55,Chicago,32\u00baC
2024-01-25 16:23:56,Los Angeles,23\u00baC
2024-01-25 16:23:57,Chicago,29\u00baC
2024-01-25 16:23:58,Chicago,27\u00baC
2024-01-25 16:23:59,Phoenix,24\u00baC
2024-01-25 16:24:00,Los Angeles,29\u00baC
2024-01-25 16:30:52,Chicago,28\u00baC
2024-01-25 16:30:53,Chicago,32\u00baC
2024-01-25 16:30:54,Chicago,19\u00baC
2024-01-25 16:30:55,Chicago,25\u00baC
2024-01-25 16:30:56,Phoenix,20\u00baC
2024-01-25 17:40:53,New York,18\u00baC
2024-01-25 17:40:54,Tokyo,32\u00baC
2024-01-25 17:40:55,Tokyo,18\u00baC
2024-01-25 17:40:56,New York,23\u00baC
2024-01-25 17:40:57,Tokyo,23\u00baC
2024-01-25 17:40:58,Chicago,25\u00baC
2024-01-25 17:40:59,Tokyo,26\u00baC
2024-01-25 17:41:00,New York,23\u00baC
2024-01-25 17:41:01,Chicago,32\u00baC
2024-01-25 17:41:02,New York,24\u00baC
2024-01-25 17:42:03,Pittsburgh,24\u00baC
2024-01-25 17:42:04,San Paolo,32\u00baC
2024-01-25 17:42:05,Taipei,26\u00baC
2024-01-25 17:42:06,New York,30\u00baC
2024-01-25 17:42:07,Chicago,25\u00baC
2024-01-25 17:42:08,Taipei,27\u00baC
2024-01-25 17:42:09,Tokyo,30\u00baC
2024-01-25 17:42:10,San Paolo,26\u00baC
2024-01-25 17:42:11,Seoul,32\u00baC
2024-01-25 17:42:12,Seoul,30\u00baC
2024-01-25 17:44:12,Chicago,27\u00baC
2024-01-25 17:44:13,New York,32\u00baC
2024-01-25 17:44:14,New York,27\u00baC
2024-01-25 17:44:15,Tokyo,26\u00baC
2024-01-25 17:44:16,New York,20\u00baC
2024-01-25 17:44:17,Tokyo,25\u00baC
2024-01-25 17:44:18,New York,25\u00baC
2024-01-25 17:44:19,Tokyo,31\u00baC
2024-01-25 17:44:20,New York,28\u00baC
2024-01-25 17:44:21,Tokyo,18\u00baC
2024-01-25 17:45:58,Tokyo,26\u00baC
2024-01-25 17:45:59,Chicago,18\u00baC
2024-01-25 17:46:00,Tokyo,32\u00baC
2024-01-25 17:46:01,Chicago,19\u00baC
2024-01-25 17:46:02,New York,29\u00baC
2024-01-25 17:46:03,Chicago,25\u00baC
2024-01-25 17:46:04,Tokyo,25\u00baC
2024-01-25 17:46:05,Tokyo,29\u00baC
2024-01-25 17:46:06,Chicago,26\u00baC
2024-01-25 17:46:07,Chicago,26\u00baC
2024-01-25 17:49:39,New York,27\u00baC
2024-01-25 17:49:40,New York,20\u00baC
2024-01-25 17:49:41,Tokyo,23\u00baC
2024-01-25 17:49:42,New York,31\u00baC
2024-01-25 17:49:43,Chicago,26\u00baC
2024-01-25 17:49:44,Chicago,18\u00baC
2024-01-25 17:49:45,Tokyo,29\u00baC
2024-01-25 17:49:46,Tokyo,32\u00baC
2024-01-25 17:49:47,Chicago,26\u00baC
2024-01-25 17:49:48,New York,30\u00baC
2024-01-25 17:50:16,New York,23\u00baC
2024-01-25 17:50:17,Chicago,26\u00baC
2024-01-25 17:50:18,Tokyo,25\u00baC
2024-01-25 17:50:19,Chicago,21\u00baC
2024-01-25 17:50:20,Tokyo,28\u00baC
2024-01-25 17:50:21,Chicago,24\u00baC
2024-01-25 17:50:22,Tokyo,30\u00baC
2024-01-25 17:50:23,Tokyo,26\u00baC
2024-01-25 17:50:24,Chicago,32\u00baC
2024-01-25 17:50:25,Tokyo,19\u00baC
2024-01-25 17:58:46,Chicago,18\u00baC
2024-01-25 17:58:47,Tokyo,19\u00baC
2024-01-25 17:58:48,Tokyo,18\u00baC
2024-01-25 17:58:49,Tokyo,19\u00baC
2024-01-25 17:58:50,New York,18\u00baC
2024-01-25 17:58:51,Chicago,23\u00baC
2024-01-25 17:58:52,New York,23\u00baC
2024-01-25 17:58:53,New York,28\u00baC
2024-01-25 17:58:54,Tokyo,32\u00baC
2024-01-25 17:58:56,New York,19\u00baC
2024-01-25 18:04:07,Chicago,30\u00baC
2024-01-25 18:04:08,Chicago,20\u00baC
2024-01-25 18:04:09,Tokyo,29\u00baC
2024-01-25 18:04:10,Tokyo,25\u00baC
2024-01-25 18:04:11,Tokyo,27\u00baC
2024-01-25 18:04:12,New York,19\u00baC
2024-01-25 18:04:13,Chicago,24\u00baC
2024-01-25 18:04:14,Tokyo,25\u00baC
2024-01-25 18:04:15,Chicago,26\u00baC
2024-01-25 18:04:16,New York,30\u00baC
2024-01-25 18:05:29,Tokyo,21\u00baC
2024-01-25 18:05:30,Chicago,26\u00baC
2024-01-25 18:05:31,Tokyo,26\u00baC
2024-01-25 18:05:32,Tokyo,28\u00baC
2024-01-25 18:05:33,New York,25\u00baC
2024-01-25 18:05:34,Chicago,19\u00baC
2024-01-25 18:05:35,Chicago,26\u00baC
2024-01-25 18:05:37,Tokyo,24\u00baC
2024-01-25 18:05:38,Chicago,31\u00baC
2024-01-25 18:05:39,Tokyo,20\u00baC
2024-01-25 18:06:21,Chicago,31\u00baC
2024-01-25 18:06:22,Tokyo,27\u00baC
2024-01-25 18:06:23,Tokyo,23\u00baC
2024-01-25 18:06:24,Tokyo,20\u00baC
2024-01-25 18:06:25,Tokyo,30\u00baC
2024-01-25 18:06:26,New York,27\u00baC
2024-01-25 18:06:27,New York,31\u00baC
2024-01-25 18:06:28,Chicago,20\u00baC
2024-01-25 18:06:29,New York,30\u00baC
2024-01-25 18:06:30,Chicago,25\u00baC
2024-01-25 19:13:55,Los Angeles,25\u00baC
2024-01-25 19:13:56,New York,25\u00baC
2024-01-25 19:13:57,New York,19\u00baC
2024-01-25 19:13:58,Los Angeles,31\u00baC
2024-01-25 19:13:59,New York,20\u00baC
2024-01-25 19:14:00,New York,28\u00baC
2024-01-25 19:14:01,Boston,32\u00baC
2024-01-25 19:14:02,Boston,28\u00baC
2024-01-25 19:14:03,New York,22\u00baC
2024-01-25 19:14:04,Boston,24\u00baC
2024-01-25 20:16:39,Pittsburgh,29\u00baC
2024-01-25 20:16:40,Boston,20\u00baC
2024-01-25 20:16:41,Boston,28\u00baC
2024-01-25 20:16:42,Pittsburgh,25\u00baC
2024-01-25 20:16:43,Boston,22\u00baC
2024-01-25 20:16:44,Boston,20\u00baC
2024-01-25 20:16:45,Pittsburgh,23\u00baC
2024-01-25 20:16:46,Pittsburgh,23\u00baC
2024-01-25 20:16:47,Boston,26\u00baC
2024-01-25 20:16:48,Pittsburgh,20\u00baC
2024-01-25 20:22:39,Boston,22\u00baC
2024-01-25 20:22:41,Pittsburgh,22\u00baC
2024-01-25 20:22:42,Boston,28\u00baC
2024-01-25 20:22:43,Boston,19\u00baC
2024-01-25 20:22:44,Pittsburgh,23\u00baC
2024-01-25 20:22:45,Pittsburgh,26\u00baC
2024-01-25 20:22:46,Boston,32\u00baC
2024-01-25 20:22:47,Pittsburgh,32\u00baC
2024-01-25 20:22:48,Pittsburgh,31\u00baC
2024-01-25 20:22:49,Pittsburgh,18\u00baC
2024-01-25 23:53:16,Chicago,20\u00baC
2024-01-25 23:53:17,New York,31\u00baC
2024-01-25 23:53:18,Chicago,29\u00baC
2024-01-25 23:53:19,Los Angeles,29\u00baC
2024-01-25 23:53:20,Los Angeles,25\u00baC
2024-01-25 23:53:21,Chicago,22\u00baC
2024-01-25 23:53:22,Chicago,32\u00baC
2024-01-25 23:53:23,Los Angeles,19\u00baC
2024-01-25 23:53:24,Chicago,20\u00baC
2024-01-25 23:53:25,Los Angeles,28\u00baC
2024-01-26 00:01:26,New York,30\u00baC
2024-01-26 00:01:27,Los Angeles,23\u00baC
2024-01-26 00:01:28,Chicago,24\u00baC
2024-01-26 00:01:29,Los Angeles,26\u00baC
2024-01-26 00:01:30,Los Angeles,32\u00baC
2024-01-26 00:01:31,New York,25\u00baC
2024-01-26 00:01:32,Chicago,18\u00baC
2024-01-26 00:01:33,New York,32\u00baC
2024-01-26 00:01:34,Los Angeles,23\u00baC
2024-01-26 00:01:35,Chicago,25\u00baC
2024-01-26 00:02:06,Los Angeles,30\u00baC
2024-01-26 00:02:07,Los Angeles,26\u00baC
2024-01-26 00:02:08,Los Angeles,18\u00baC
2024-01-26 00:02:09,New York,28\u00baC
2024-01-26 00:02:10,New York,24\u00baC
2024-01-26 00:02:11,Los Angeles,26\u00baC
2024-01-26 00:02:13,New York,20\u00baC
2024-01-26 00:02:14,Chicago,27\u00baC
2024-01-26 00:02:15,Los Angeles,24\u00baC
2024-01-26 00:02:16,Chicago,31\u00baC
2024-01-26 01:00:01,Shanghai,31\u00baC
2024-01-26 01:00:02,Shanghai,24\u00baC
2024-01-26 01:00:03,Chapel Hill,27\u00baC
2024-01-26 01:00:04,Shanghai,27\u00baC
2024-01-26 01:00:05,Beijing,24\u00baC
2024-01-26 01:00:06,Beijing,19\u00baC
2024-01-26 01:00:07,Shanghai,30\u00baC
2024-01-26 01:00:08,Shanghai,30\u00baC
2024-01-26 01:00:09,Beijing,32\u00baC
2024-01-26 01:00:10,Shanghai,28\u00baC
2024-01-26 01:06:41,Chapel Hill,29\u00baC
2024-01-26 01:06:42,Beijing,26\u00baC
2024-01-26 01:06:43,Chapel Hill,20\u00baC
2024-01-26 01:06:44,Beijing,31\u00baC
2024-01-26 01:06:45,Chapel Hill,30\u00baC
2024-01-26 01:06:46,Shanghai,25\u00baC
2024-01-26 01:06:47,Shanghai,20\u00baC
2024-01-26 01:06:48,Shanghai,27\u00baC
2024-01-26 01:06:49,Shanghai,19\u00baC
2024-01-26 01:06:50,Shanghai,29\u00baC
2024-01-26 03:17:58,Orlando,26\u00baC
2024-01-26 03:17:59,Los Angeles,20\u00baC
2024-01-26 03:18:00,New York,31\u00baC
2024-01-26 03:18:01,Los Angeles,25\u00baC
2024-01-26 03:18:02,Pittsburgh,26\u00baC
2024-01-26 03:18:13,Pittsburgh,28\u00baC
2024-01-26 03:18:14,Bellevue,27\u00baC
2024-01-26 03:18:15,Bellevue,24\u00baC
2024-01-26 03:18:16,Seattle,22\u00baC
2024-01-26 03:18:17,Pittsburgh,32\u00baC
2024-01-26 03:18:18,Bellevue,23\u00baC
2024-01-26 03:18:19,Pittsburgh,18\u00baC
2024-01-26 03:18:20,Seattle,23\u00baC
2024-01-26 03:18:21,Bellevue,26\u00baC
2024-01-26 03:18:22,Bellevue,24\u00baC
2024-01-26 07:41:40,Santiago,26\u00baC
2024-01-26 07:41:41,Pittsburgh,26\u00baC
2024-01-26 07:41:42,Pittsburgh,31\u00baC
2024-01-26 07:41:43,Santiago,22\u00baC
2024-01-26 07:41:44,New York,29\u00baC
2024-01-26 07:41:45,Santiago,29\u00baC
2024-01-26 07:41:46,Pittsburgh,23\u00baC
2024-01-26 07:41:47,Pittsburgh,24\u00baC
2024-01-26 07:41:48,Santiago,26\u00baC
2024-01-26 07:41:49,Pittsburgh,20\u00baC
2024-01-26 09:23:26,Los Angeles,31\u00baC
2024-01-26 09:23:27,Chicago,19\u00baC
2024-01-26 09:23:28,Chicago,28\u00baC
2024-01-26 09:23:29,Chicago,23\u00baC
2024-01-26 09:23:30,Chicago,20\u00baC
2024-01-26 09:35:26,Los Angeles,27\u00baC
2024-01-26 09:35:27,Los Angeles,21\u00baC
2024-01-26 09:35:27,Tokyo,27\u00baC
2024-01-26 09:35:28,Chicago,28\u00baC
2024-01-26 09:35:28,New York,21\u00baC
2024-01-26 09:35:29,Los Angeles,23\u00baC
2024-01-26 09:35:29,Tokyo,29\u00baC
2024-01-26 09:35:30,Chicago,28\u00baC
2024-01-26 09:35:30,Chicago,32\u00baC
2024-01-26 09:35:31,New York,25\u00baC
2024-01-26 09:35:31,New York,23\u00baC
2024-01-26 09:35:32,New York,30\u00baC
2024-01-26 09:35:32,Chicago,28\u00baC
2024-01-26 09:35:33,Los Angeles,32\u00baC
2024-01-26 09:35:33,Tokyo,22\u00baC
2024-01-26 09:35:34,Los Angeles,30\u00baC
2024-01-26 09:35:34,Chicago,22\u00baC
2024-01-26 09:35:35,Chicago,24\u00baC
2024-01-26 09:35:35,New York,32\u00baC
2024-01-26 09:35:36,New York,27\u00baC
2024-01-26 09:36:45,Dallas,32\u00baC
2024-01-26 09:36:46,Phoenix,32\u00baC
2024-01-26 09:36:47,Houston,27\u00baC
2024-01-26 09:36:48,New York,24\u00baC
2024-01-26 09:36:49,San Antonio,32\u00baC
2024-01-26 09:36:50,Phoenix,32\u00baC
2024-01-26 09:36:51,Phoenix,27\u00baC
2024-01-26 09:36:52,Houston,31\u00baC
2024-01-26 09:36:53,Philadelphia,24\u00baC
2024-01-26 09:36:54,Philadelphia,22\u00baC
2024-01-26 09:43:50,Berlin,28\u00baC
2024-01-26 09:43:51,Berlin,30\u00baC
2024-01-26 09:43:52,Berlin,25\u00baC
2024-01-26 09:43:53,London,31\u00baC
2024-01-26 09:43:54,London,25\u00baC
2024-01-26 09:43:55,London,27\u00baC
2024-01-26 09:43:56,Berlin,29\u00baC
2024-01-26 09:43:57,London,28\u00baC
2024-01-26 09:43:58,Berlin,29\u00baC
2024-01-26 09:43:59,Berlin,28\u00baC
2024-01-26 09:45:30,Boston,19\u00baC
2024-01-26 09:45:31,Boston,31\u00baC
2024-01-26 09:45:32,Boston,29\u00baC
2024-01-26 09:45:33,New York,23\u00baC
2024-01-26 09:45:34,Boston,21\u00baC
2024-01-26 09:45:35,Los Angeles,30\u00baC
2024-01-26 09:45:36,Boston,32\u00baC
2024-01-26 09:45:37,Los Angeles,23\u00baC
2024-01-26 09:45:38,Los Angeles,20\u00baC
2024-01-26 09:45:39,Los Angeles,25\u00baC
2024-01-26 09:47:57,Pittsburgh,24\u00baC
2024-01-26 09:47:58,Pittsburgh,24\u00baC
2024-01-26 09:47:59,Boston,29\u00baC
2024-01-26 09:48:00,Boston,28\u00baC
2024-01-26 09:48:01,Boston,19\u00baC
2024-01-26 09:48:02,Boston,30\u00baC
2024-01-26 09:48:03,Boston,21\u00baC
2024-01-26 09:48:04,Boston,31\u00baC
2024-01-26 09:48:05,Boston,20\u00baC
2024-01-26 09:48:06,Pittsburgh,24\u00baC
2024-01-26 09:50:08,London,30\u00baC
2024-01-26 09:50:09,London,23\u00baC
2024-01-26 09:50:10,Berlin,18\u00baC
2024-01-26 09:50:11,Berlin,19\u00baC
2024-01-26 09:50:12,London,30\u00baC
2024-01-26 09:50:13,Berlin,21\u00baC
2024-01-26 09:50:14,Berlin,28\u00baC
2024-01-26 09:50:15,Berlin,18\u00baC
2024-01-26 09:50:16,London,22\u00baC
2024-01-26 09:50:17,London,22\u00baC
2024-01-26 09:50:29,San Francisco,31\u00baC
2024-01-26 09:50:31,Los Angeles,30\u00baC
2024-01-26 09:50:32,San Francisco,26\u00baC
2024-01-26 09:50:33,New York City,22\u00baC
2024-01-26 09:50:34,Los Angeles,31\u00baC
2024-01-26 09:50:35,New York City,28\u00baC
2024-01-26 09:50:36,Los Angeles,30\u00baC
2024-01-26 09:50:37,San Francisco,18\u00baC
2024-01-26 09:50:38,San Francisco,23\u00baC
2024-01-26 09:50:39,New York City,22\u00baC
2024-01-26 09:50:55,Seattle,32\u00baC
2024-01-26 09:50:56,Seattle,32\u00baC
2024-01-26 09:50:57,Bellevue,19\u00baC
2024-01-26 09:50:58,Seattle,31\u00baC
2024-01-26 09:50:59,Pittsburgh,23\u00baC
2024-01-26 09:51:00,Seattle,30\u00baC
2024-01-26 09:51:01,Seattle,18\u00baC
2024-01-26 09:51:02,Bellevue,19\u00baC
2024-01-26 09:51:03,Seattle,26\u00baC
2024-01-26 09:51:04,Pittsburgh,26\u00baC
